PO #,PO #,Description,Vendor,Organization,Department,Buyer,Status,Sent Date,Total
https://nevadaepro.com/bso/external/purchaseorder/poSummary.sdo?docId=99SWC-NV23-15341&releaseNbr=2863&external=true&parentUrl=close,99SWC-NV23-15341:2863,G2B From Staples Advantage,Staples Advantage,Department of Human Services,Division of Child and Family Services,Candy Bradley,3PS - Sent,01/17/2024,$67.26
https://nevadaepro.com/bso/external/purchaseorder/poSummary.sdo?docId=99SWC-NV23-15341&releaseNbr=2864&external=true&parentUrl=close,99SWC-NV23-15341:2864,"disinfecting wipes,scissors,pen holders,tape,label maker tape, classificatio folders, steno pads,",Staples Advantage,Department of Human Services,Social Services,Hada Hernandez,3PCO - Closed,01/17/2024,$313.86
https://nevadaepro.com/bso/external/purchaseorder/poSummary.sdo?docId=99SWC-NV23-15341&releaseNbr=2865&external=true&parentUrl=close,99SWC-NV23-15341:2865,"Desk Calendars, Date stamper",Staples Advantage,Department of Human Services,Social Services,Young Un Chen,3PCO - Closed,01/17/2024,$84.38
https://nevadaepro.com/bso/external/purchaseorder/poSummary.sdo?docId=99SWC-NV23-15341&releaseNbr=2866&external=true&parentUrl=close,99SWC-NV23-15341:2866,G2B From Staples Advantage,Staples Advantage,Department of Human Services,Social Services,Kimiko Mayeda,3PCO - Closed,01/17/2024,$103.57
https://nevadaepro.com/bso/external/purchaseorder/poSummary.sdo?docId=99SWC-NV23-15341&releaseNbr=2867&external=true&parentUrl=close,99SWC-NV23-15341:2867,"hi-liter, correction tape, planner, tape, staples, stapler, date stamp, post-it, alcohol wipes",Staples Advantage,Department of Human Services,Social Services,Fe Balanay,3PCO - Closed,01/17/2024,$520.96
https://nevadaepro.com/bso/external/purchaseorder/poSummary.sdo?docId=99SWC-NV23-15341&releaseNbr=2868&external=true&parentUrl=close,99SWC-NV23-15341:2868,B.Barnum-FSU JAN 24,Staples Advantage,Department of Public Safety,"Records, Communications and Compliance",Barbara Barnum,3PS - Sent,01/17/2024,$601.03
https://nevadaepro.com/bso/external/purchaseorder/poSummary.sdo?docId=99SWC-NV23-15341&releaseNbr=2869&external=true&parentUrl=close,99SWC-NV23-15341:2869,NCU- L.Grogan,Staples Advantage,Department of Public Safety,"Records, Communications and Compliance",Lyndsey Grogan,3PS - Sent,01/17/2024,$60.56
https://nevadaepro.com/bso/external/purchaseorder/poSummary.sdo?docId=99SWC-NV23-15341&releaseNbr=2870&external=true&parentUrl=close,99SWC-NV23-15341:2870,G2B From Staples Advantage,Staples Advantage,Department of Public Safety,"Records, Communications and Compliance",Deborah Cox,3PS - Sent,01/17/2024,$62.14
https://nevadaepro.com/bso/external/purchaseorder/poSummary.sdo?docId=99SWC-NV23-15341&releaseNbr=2871&external=true&parentUrl=close,99SWC-NV23-15341:2871,Office supplies for new Employee Rachel Tillotson,Staples Advantage,Department of Education,Department of Education,Daisy Marglin,3PCR - Complete Receipt,01/17/2024,$63.94
https://nevadaepro.com/bso/external/purchaseorder/poSummary.sdo?docId=99SWC-NV23-15341&releaseNbr=2872&external=true&parentUrl=close,99SWC-NV23-15341:2872,G2B From Staples Advantage,Staples Advantage,Department of Human Services,Aging and Disability Services Division,Marne Griepentrog,3PCR - Complete Receipt,01/17/2024,$383.38
https://nevadaepro.com/bso/external/purchaseorder/poSummary.sdo?docId=99SWC-NV23-15341&releaseNbr=2873&external=true&parentUrl=close,99SWC-NV23-15341:2873,G2B From Staples Advantage,Staples Advantage,Department of Human Services,Aging and Disability Services Division,Marne Griepentrog,3PCR - Complete Receipt,01/17/2024,$68.93
https://nevadaepro.com/bso/external/purchaseorder/poSummary.sdo?docId=99SWC-NV23-15341&releaseNbr=2874&external=true&parentUrl=close,99SWC-NV23-15341:2874,G2B From Staples Advantage,Staples Advantage,Department of Human Services,Aging and Disability Services Division,Joseph Cusumano,3PS - Sent,01/17/2024,$292.42
https://nevadaepro.com/bso/external/purchaseorder/poSummary.sdo?docId=99SWC-NV23-15341&releaseNbr=2875&external=true&parentUrl=close,99SWC-NV23-15341:2875,G2B From Staples Advantage,Staples Advantage,Department of Human Services,Social Services,Kyle Reynolds,3PCO - Closed,01/17/2024,$104.49
https://nevadaepro.com/bso/external/purchaseorder/poSummary.sdo?docId=99SWC-NV23-15341&releaseNbr=2876&external=true&parentUrl=close,99SWC-NV23-15341:2876,G2B From Staples Advantage,Staples Advantage,"Department of Employment, Training and Rehabilitation",DETR Administrative Services,Angela Shine,3PS - Sent,01/17/2024,$309.86
https://nevadaepro.com/bso/external/purchaseorder/poSummary.sdo?docId=99SWC-NV23-15341&releaseNbr=2877&external=true&parentUrl=close,99SWC-NV23-15341:2877,G2B From Staples Advantage,Staples Advantage,"Department of Employment, Training and Rehabilitation",Rehabilitation Division,Javier Fernandez,3PS - Sent,01/17/2024,$932.58
https://nevadaepro.com/bso/external/purchaseorder/poSummary.sdo?docId=99SWC-NV23-15341&releaseNbr=2878&external=true&parentUrl=close,99SWC-NV23-15341:2878,G2B From Staples Advantage,Staples Advantage,"Department of Employment, Training and Rehabilitation",Rehabilitation Division,Kaye-Lani Tiafau,3PS - Sent,01/17/2024,$98.73
https://nevadaepro.com/bso/external/purchaseorder/poSummary.sdo?docId=99SWC-NV23-15341&releaseNbr=2879&external=true&parentUrl=close,99SWC-NV23-15341:2879,G2B From Staples Advantage,Staples Advantage,Department of Public Safety,Nevada Parole and Probation,Caitlyn Stewart,3PPR - Partial Receipt,01/17/2024,$974.75
https://nevadaepro.com/bso/external/purchaseorder/poSummary.sdo?docId=99SWC-NV23-15341&releaseNbr=2880&external=true&parentUrl=close,99SWC-NV23-15341:2880,Regular Supplies that need restocked.,Staples Advantage,Department of Public Safety,Nevada Highway Patrol,Betsy Gillett,3PS - Sent,01/18/2024,$213.17
https://nevadaepro.com/bso/external/purchaseorder/poSummary.sdo?docId=99SWC-NV23-15341&releaseNbr=2881&external=true&parentUrl=close,99SWC-NV23-15341:2881,G2B From Staples Advantage,Staples Advantage,Department of Public Safety,Parole Board,Hanna Branchcomb,3PS - Sent,01/18/2024,$87.18
https://nevadaepro.com/bso/external/purchaseorder/poSummary.sdo?docId=99SWC-NV23-15341&releaseNbr=2882&external=true&parentUrl=close,99SWC-NV23-15341:2882,G2B From Staples Advantage,Staples Advantage,Department of Public Safety,Parole Board,Hanna Branchcomb,3PS - Sent,01/18/2024,$51.35
https://nevadaepro.com/bso/external/purchaseorder/poSummary.sdo?docId=99SWC-NV23-15341&releaseNbr=2883&external=true&parentUrl=close,99SWC-NV23-15341:2883,G2B From Staples Advantage,Staples Advantage,Department of Human Services,Division of Child and Family Services,Candy Bradley,3PS - Sent,01/18/2024,$338.11
https://nevadaepro.com/bso/external/purchaseorder/poSummary.sdo?docId=99SWC-NV23-15341&releaseNbr=2884&external=true&parentUrl=close,99SWC-NV23-15341:2884,G2B From Staples Advantage,Staples Advantage,Adjutant General,Emergency Management,Seth Johnson,3PCR - Complete Receipt,01/18/2024,$399.99
https://nevadaepro.com/bso/external/purchaseorder/poSummary.sdo?docId=99SWC-NV23-15341&releaseNbr=2885&external=true&parentUrl=close,99SWC-NV23-15341:2885,G2B From Staples Advantage - Calendars - P. Nemanic,Staples Advantage,Department of Administration,State Public Works Division,CHRISTOPHER KENDALL,3PCR - Complete Receipt,01/18/2024,$35.19
https://nevadaepro.com/bso/external/purchaseorder/poSummary.sdo?docId=99SWC-NV23-15341&releaseNbr=2886&external=true&parentUrl=close,99SWC-NV23-15341:2886,G2B From Staples Advantage,Staples Advantage,Department of Public Safety,DPS Director's Office,Heather Brazil,3PS - Sent,01/18/2024,$72.20
https://nevadaepro.com/bso/external/purchaseorder/poSummary.sdo?docId=99SWC-NV23-15341&releaseNbr=2887&external=true&parentUrl=close,99SWC-NV23-15341:2887,G2B From Staples Advantage,Staples Advantage,Department of Human Services,Division of Child and Family Services,Elizabeth Mondt,3PS - Sent,01/18/2024,$45.24
https://nevadaepro.com/bso/external/purchaseorder/poSummary.sdo?docId=99SWC-NV23-15341&releaseNbr=2888&external=true&parentUrl=close,99SWC-NV23-15341:2888,G2B From Staples Advantage,Staples Advantage,Department of Human Services,Division of Child and Family Services,Elizabeth Mondt,3PS - Sent,01/18/2024,$155.96
https://nevadaepro.com/bso/external/purchaseorder/poSummary.sdo?docId=99SWC-NV23-15341&releaseNbr=2889&external=true&parentUrl=close,99SWC-NV23-15341:2889,G2B From Staples Advantage,Staples Advantage,Department of Administration,Division of Human Resource Management,Ernestina Hernandez,3PCR - Complete Receipt,01/18/2024,$47.00
https://nevadaepro.com/bso/external/purchaseorder/poSummary.sdo?docId=99SWC-NV23-15341&releaseNbr=2890&external=true&parentUrl=close,99SWC-NV23-15341:2890,staples office supplies,Staples Advantage,Department of Corrections,Department of Corrections,Manuel Chavez,3PCR - Complete Receipt,01/18/2024,$748.20
https://nevadaepro.com/bso/external/purchaseorder/poSummary.sdo?docId=99SWC-NV23-15341&releaseNbr=2891&external=true&parentUrl=close,99SWC-NV23-15341:2891,G2B From Staples Advantage,Staples Advantage,Department of Human Services,Division of Child and Family Services,Monica Jimenez,3PS - Sent,01/18/2024,$440.59
https://nevadaepro.com/bso/external/purchaseorder/poSummary.sdo?docId=99SWC-NV23-15341&releaseNbr=2892&external=true&parentUrl=close,99SWC-NV23-15341:2892,Fiscal-RLedezma,Staples Advantage,Department of Public Safety,"Records, Communications and Compliance",Rocio Ledezma,3PS - Sent,01/18/2024,$95.52
https://nevadaepro.com/bso/external/purchaseorder/poSummary.sdo?docId=99SWC-NV23-15341&releaseNbr=2893&external=true&parentUrl=close,99SWC-NV23-15341:2893,G2B From Staples Advantage,Staples Advantage,Department of Human Services,Aging and Disability Services Division,Joseph Cusumano,3PS - Sent,01/19/2024,$59.43
https://nevadaepro.com/bso/external/purchaseorder/poSummary.sdo?docId=99SWC-NV23-15341&releaseNbr=2894&external=true&parentUrl=close,99SWC-NV23-15341:2894,Copier paper,Staples Advantage,Department of Human Services,Social Services,Brenda Hildebrand,3PCO - Closed,01/19/2024,"$1,169.70"
https://nevadaepro.com/bso/external/purchaseorder/poSummary.sdo?docId=99SWC-NV23-15341&releaseNbr=2895&external=true&parentUrl=close,99SWC-NV23-15341:2895,G2B From Staples Advantage,Staples Advantage,Public Employees' Benefits Program,Public Employees' Benefits Program,Kathy Kopp,3PS - Sent,01/19/2024,$73.62
https://nevadaepro.com/bso/external/purchaseorder/poSummary.sdo?docId=99SWC-NV23-15341&releaseNbr=2896&external=true&parentUrl=close,99SWC-NV23-15341:2896,Quarterly purchase Law Library SDCC,Staples Advantage,Department of Corrections,Department of Corrections,Jennifer Kaufman,3PCR - Complete Receipt,01/19/2024,$651.26
https://nevadaepro.com/bso/external/purchaseorder/poSummary.sdo?docId=99SWC-NV23-15341&releaseNbr=2897&external=true&parentUrl=close,99SWC-NV23-15341:2897,G2B From Staples Advantage,Staples Advantage,Department of Administration,Hearings and Appeals Division,Tasha Eaton,3PCR - Complete Receipt,01/19/2024,"$1,158.65"
https://nevadaepro.com/bso/external/purchaseorder/poSummary.sdo?docId=99SWC-NV23-15341&releaseNbr=2898&external=true&parentUrl=close,99SWC-NV23-15341:2898,G2B From Staples Advantage,Staples Advantage,"Department of Employment, Training and Rehabilitation",Rehabilitation Division,Regina Higley,3PS - Sent,01/19/2024,$182.76
https://nevadaepro.com/bso/external/purchaseorder/poSummary.sdo?docId=99SWC-NV23-15341&releaseNbr=2899&external=true&parentUrl=close,99SWC-NV23-15341:2899,"Staples, Warden supplies",Staples Advantage,Department of Corrections,Department of Corrections,Amanda Hoerster,3PCR - Complete Receipt,01/19/2024,$99.79
https://nevadaepro.com/bso/external/purchaseorder/poSummary.sdo?docId=99SWC-NV23-15341&releaseNbr=2900&external=true&parentUrl=close,99SWC-NV23-15341:2900,ESP 122 - G2B From Staples Advantage,Staples Advantage,Department of Corrections,Department of Corrections,Autumn Snow,3PCR - Complete Receipt,01/19/2024,$245.29
https://nevadaepro.com/bso/external/purchaseorder/poSummary.sdo?docId=99SWC-NV23-15341&releaseNbr=2901&external=true&parentUrl=close,99SWC-NV23-15341:2901,G2B From Staples Advantage,Staples Advantage,Department of Human Services,Aging and Disability Services Division,Yolanda Whittier,3PCR - Complete Receipt,01/19/2024,$546.72
https://nevadaepro.com/bso/external/purchaseorder/poSummary.sdo?docId=99SWC-NV23-15341&releaseNbr=2902&external=true&parentUrl=close,99SWC-NV23-15341:2902,G2B From Staples Advantage,Staples Advantage,Department of Conservation and Natural Resources,Division of Water Resources,Lisa Sheppard,3PCR - Complete Receipt,01/19/2024,$137.40
https://nevadaepro.com/bso/external/purchaseorder/poSummary.sdo?docId=99SWC-NV23-15341&releaseNbr=2903&external=true&parentUrl=close,99SWC-NV23-15341:2903,G2B From Staples Advantage,Staples Advantage,Department of Administration,OCIO,Jason Renner,3PCR - Complete Receipt,01/19/2024,"$3,928.00"
https://nevadaepro.com/bso/external/purchaseorder/poSummary.sdo?docId=99SWC-NV23-15341&releaseNbr=2904&external=true&parentUrl=close,99SWC-NV23-15341:2904,G2B From Staples Advantage,Staples Advantage,Department of Human Services,Social Services,Kimiko Mayeda,3PCO - Closed,01/19/2024,$974.75
https://nevadaepro.com/bso/external/purchaseorder/poSummary.sdo?docId=99SWC-NV23-15341&releaseNbr=2905&external=true&parentUrl=close,99SWC-NV23-15341:2905,BRADY-K.VALLADON,Staples Advantage,Department of Public Safety,"Records, Communications and Compliance",Kendra Valladon,3PS - Sent,01/19/2024,$90.57
https://nevadaepro.com/bso/external/purchaseorder/poSummary.sdo?docId=99SWC-NV23-15341&releaseNbr=2906&external=true&parentUrl=close,99SWC-NV23-15341:2906,Building Toner,Staples Advantage,Department of Public Safety,"Records, Communications and Compliance",Rocio Ledezma,3PS - Sent,01/19/2024,"$1,527.65"
https://nevadaepro.com/bso/external/purchaseorder/poSummary.sdo?docId=99SWC-NV23-15341&releaseNbr=2907&external=true&parentUrl=close,99SWC-NV23-15341:2907,G2B From Staples Advantage,Staples Advantage,Department of Human Services,Division of Child and Family Services,Candy Bradley,3PS - Sent,01/19/2024,$242.54
https://nevadaepro.com/bso/external/purchaseorder/poSummary.sdo?docId=99SWC-NV23-15341&releaseNbr=2908&external=true&parentUrl=close,99SWC-NV23-15341:2908,"Staples, 3rd QTR warehouse stock",Staples Advantage,Department of Corrections,Department of Corrections,Amanda Hoerster,3PCR - Complete Receipt,01/19/2024,"$1,662.81"
https://nevadaepro.com/bso/external/purchaseorder/poSummary.sdo?docId=99SWC-NV23-15341&releaseNbr=2909&external=true&parentUrl=close,99SWC-NV23-15341:2909,R71768 STAPLES  - NNCC FY24,Staples Advantage,Department of Corrections,Department of Corrections,Mike Davis,3PCR - Complete Receipt,01/19/2024,$269.08
https://nevadaepro.com/bso/external/purchaseorder/poSummary.sdo?docId=99SWC-NV23-15341&releaseNbr=2910&external=true&parentUrl=close,99SWC-NV23-15341:2910,staples workcenters,Staples Advantage,Department of Corrections,Department of Corrections,Marilyn Johnson,3PCR - Complete Receipt,01/19/2024,"$1,099.98"
https://nevadaepro.com/bso/external/purchaseorder/poSummary.sdo?docId=99SWC-NV23-15341&releaseNbr=2911&external=true&parentUrl=close,99SWC-NV23-15341:2911,G2B From Staples Advantage,Staples Advantage,Department of Wildlife,Department of Wildlife,Lynda Barr,3PS - Sent,01/19/2024,$52.59
https://nevadaepro.com/bso/external/purchaseorder/poSummary.sdo?docId=99SWC-NV23-15341&releaseNbr=2912&external=true&parentUrl=close,99SWC-NV23-15341:2912,G2B From Staples Advantage,Staples Advantage,Department of Human Services,Social Services,Alexandra Ornelas,3PCO - Closed,01/19/2024,$92.97
https://nevadaepro.com/bso/external/purchaseorder/poSummary.sdo?docId=99SWC-NV23-15341&releaseNbr=2913&external=true&parentUrl=close,99SWC-NV23-15341:2913,G2B From Staples Advantage,Staples Advantage,Department of Human Services,Social Services,Consolacion Garcia,3PCO - Closed,01/19/2024,$442.67
https://nevadaepro.com/bso/external/purchaseorder/poSummary.sdo?docId=99SWC-NV23-15341&releaseNbr=2914&external=true&parentUrl=close,99SWC-NV23-15341:2914,G2B From Staples Advantage - Staples,Staples Advantage,Department of Human Services,Public and Behavioral Health,Wyatt Layland,3PS - Sent,01/19/2024,$250.90
https://nevadaepro.com/bso/external/purchaseorder/poSummary.sdo?docId=99SWC-NV23-15341&releaseNbr=2915&external=true&parentUrl=close,99SWC-NV23-15341:2915,G2B From Staples Advantage - Ely,Staples Advantage,Department of Human Services,Public and Behavioral Health,Wyatt Layland,3PS - Sent,01/19/2024,$45.18
https://nevadaepro.com/bso/external/purchaseorder/poSummary.sdo?docId=99SWC-NV23-15341&releaseNbr=2916&external=true&parentUrl=close,99SWC-NV23-15341:2916,Staples distilled water green copy paper,Staples Advantage,Department of Corrections,Department of Corrections,Melanie Middleton,3PCR - Complete Receipt,01/19/2024,$182.14
https://nevadaepro.com/bso/external/purchaseorder/poSummary.sdo?docId=99SWC-NV23-15341&releaseNbr=2917&external=true&parentUrl=close,99SWC-NV23-15341:2917,Batteries for Glucometers,Staples Advantage,Department of Corrections,Department of Corrections,Melanie Middleton,3PCR - Complete Receipt,01/19/2024,$163.49
https://nevadaepro.com/bso/external/purchaseorder/poSummary.sdo?docId=99SWC-NV23-15341&releaseNbr=2918&external=true&parentUrl=close,99SWC-NV23-15341:2918,G2B From Staples Advantage,Staples Advantage,Department of Education,Department of Education,Nancy Martineau,3PS - Sent,01/19/2024,"$1,011.17"
https://nevadaepro.com/bso/external/purchaseorder/poSummary.sdo?docId=99SWC-NV23-15341&releaseNbr=2919&external=true&parentUrl=close,99SWC-NV23-15341:2919,G2B From Staples Advantage,Staples Advantage,Department of Education,Department of Education,Krisi Taylor,3PS - Sent,01/19/2024,$369.98
https://nevadaepro.com/bso/external/purchaseorder/poSummary.sdo?docId=99SWC-NV23-15341&releaseNbr=2920&external=true&parentUrl=close,99SWC-NV23-15341:2920,G2B From Staples Advantage,Staples Advantage,Department of Education,Department of Education,Mindy Montoya,3PS - Sent,01/19/2024,$407.60
https://nevadaepro.com/bso/external/purchaseorder/poSummary.sdo?docId=99SWC-NV23-15341&releaseNbr=2921&external=true&parentUrl=close,99SWC-NV23-15341:2921,G2B From Staples Advantage,Staples Advantage,Department of Taxation,Department of Taxation,Tara Clements,3PS - Sent,01/19/2024,$152.09
https://nevadaepro.com/bso/external/purchaseorder/poSummary.sdo?docId=99SWC-NV23-15341&releaseNbr=2922&external=true&parentUrl=close,99SWC-NV23-15341:2922,G2B From Staples Advantage,Staples Advantage,Department of Human Services,Public and Behavioral Health,Cathy Wright,3PS - Sent,01/19/2024,$97.90
https://nevadaepro.com/bso/external/purchaseorder/poSummary.sdo?docId=99SWC-NV23-15341&releaseNbr=2923&external=true&parentUrl=close,99SWC-NV23-15341:2923,G2B From Staples Advantage,Staples Advantage,Department of Agriculture,Department of Agriculture,Adelina Helton,3PS - Sent,01/22/2024,$122.25
https://nevadaepro.com/bso/external/purchaseorder/poSummary.sdo?docId=99SWC-NV23-15341&releaseNbr=2924&external=true&parentUrl=close,99SWC-NV23-15341:2924,G2B From Staples Advantage,Staples Advantage,Department of Human Services,Division of Child and Family Services,Natalie Hug,3PS - Sent,01/22/2024,$97.24
https://nevadaepro.com/bso/external/purchaseorder/poSummary.sdo?docId=99SWC-NV23-15341&releaseNbr=2925&external=true&parentUrl=close,99SWC-NV23-15341:2925,G2B From Staples Advantage,Staples Advantage,Adjutant General,Emergency Management,Seth Johnson,3PCR - Complete Receipt,01/22/2024,$35.21
https://nevadaepro.com/bso/external/purchaseorder/poSummary.sdo?docId=99SWC-NV23-15341&releaseNbr=2926&external=true&parentUrl=close,99SWC-NV23-15341:2926,G2B From Staples Advantage,Staples Advantage,Department of Public Safety,Nevada Highway Patrol,Kasen Cornmesser,3PS - Sent,01/22/2024,$40.97
https://nevadaepro.com/bso/external/purchaseorder/poSummary.sdo?docId=99SWC-NV23-15341&releaseNbr=2927&external=true&parentUrl=close,99SWC-NV23-15341:2927,G2B From Staples Advantage,Staples Advantage,Department of Administration,Mail Services,Breece Harrison,3PCR - Complete Receipt,01/22/2024,$705.79
https://nevadaepro.com/bso/external/purchaseorder/poSummary.sdo?docId=99SWC-NV23-15341&releaseNbr=2928&external=true&parentUrl=close,99SWC-NV23-15341:2928,G2B From Staples Advantage,Staples Advantage,Department of Public Safety,Nevada Parole and Probation,Andrew  Munk,3PCR - Complete Receipt,01/22/2024,$212.01
https://nevadaepro.com/bso/external/purchaseorder/poSummary.sdo?docId=99SWC-NV23-15341&releaseNbr=2929&external=true&parentUrl=close,99SWC-NV23-15341:2929,G2B From Staples Advantage,Staples Advantage,Department of Human Services,Division of Child and Family Services,Candy Bradley,3PS - Sent,01/22/2024,$403.91
https://nevadaepro.com/bso/external/purchaseorder/poSummary.sdo?docId=99SWC-NV23-15341&releaseNbr=2930&external=true&parentUrl=close,99SWC-NV23-15341:2930,G2B From Staples Advantage-alx,Staples Advantage,Department of Corrections,Department of Corrections,Alxzandra Thompson,3PCR - Complete Receipt,01/22/2024,$465.46
https://nevadaepro.com/bso/external/purchaseorder/poSummary.sdo?docId=99SWC-NV23-15341&releaseNbr=2931&external=true&parentUrl=close,99SWC-NV23-15341:2931,G2B From Staples supplies Cassandra,Staples Advantage,Department of Corrections,Department of Corrections,Cassandra Owen,3PCR - Complete Receipt,01/22/2024,$795.20
https://nevadaepro.com/bso/external/purchaseorder/poSummary.sdo?docId=99SWC-NV23-15341&releaseNbr=2932&external=true&parentUrl=close,99SWC-NV23-15341:2932,G2B From Staples Advantage - Shredder,Staples Advantage,Department of Business and Industry,Real Estate Division,Shareece Bates,3PCR - Complete Receipt,01/22/2024,"$2,134.31"
https://nevadaepro.com/bso/external/purchaseorder/poSummary.sdo?docId=99SWC-NV23-15341&releaseNbr=2933&external=true&parentUrl=close,99SWC-NV23-15341:2933,NCU Help Desk-T.Alexander,Staples Advantage,Department of Public Safety,"Records, Communications and Compliance",Lyndsey Grogan,3PS - Sent,01/22/2024,"$1,431.62"
https://nevadaepro.com/bso/external/purchaseorder/poSummary.sdo?docId=99SWC-NV23-15341&releaseNbr=2934&external=true&parentUrl=close,99SWC-NV23-15341:2934,G2B From Staples Advantage-alx order,Staples Advantage,Department of Corrections,Department of Corrections,Alxzandra Thompson,3PCR - Complete Receipt,01/22/2024,$91.36
https://nevadaepro.com/bso/external/purchaseorder/poSummary.sdo?docId=99SWC-NV23-15341&releaseNbr=2935&external=true&parentUrl=close,99SWC-NV23-15341:2935,G2B From Staples Advantage,Staples Advantage,Department of Corrections,Department of Corrections,Karen Best,3PCR - Complete Receipt,01/22/2024,$784.47
https://nevadaepro.com/bso/external/purchaseorder/poSummary.sdo?docId=99SWC-NV23-15341&releaseNbr=2936&external=true&parentUrl=close,99SWC-NV23-15341:2936,CARSON CITY-STAND UP DESK- Staples Advantage,Staples Advantage,Department of Motor Vehicles,Department of Motor Vehicles,Julia Chulay,3PS - Sent,01/22/2024,$137.15
https://nevadaepro.com/bso/external/purchaseorder/poSummary.sdo?docId=99SWC-NV23-15341&releaseNbr=2937&external=true&parentUrl=close,99SWC-NV23-15341:2937,office supplies Staples Advantage,Staples Advantage,Department of Motor Vehicles,Department of Motor Vehicles,Matthew Medeiros,3PS - Sent,01/22/2024,$63.18
https://nevadaepro.com/bso/external/purchaseorder/poSummary.sdo?docId=99SWC-NV23-15341&releaseNbr=2938&external=true&parentUrl=close,99SWC-NV23-15341:2938,G2B From Staples Advantage,Staples Advantage,Department of Corrections,Department of Corrections,Kimberley Bye,3PCR - Complete Receipt,01/22/2024,$173.96
https://nevadaepro.com/bso/external/purchaseorder/poSummary.sdo?docId=99SWC-NV23-15341&releaseNbr=2939&external=true&parentUrl=close,99SWC-NV23-15341:2939,G2B From Staples Advantage,Staples Advantage,Department of Corrections,Department of Corrections,Karen Best,3PCR - Complete Receipt,01/22/2024,$766.64
https://nevadaepro.com/bso/external/purchaseorder/poSummary.sdo?docId=99SWC-NV23-15341&releaseNbr=2940&external=true&parentUrl=close,99SWC-NV23-15341:2940,G2B From Staples Advantage,Staples Advantage,Department of Administration,Hearings and Appeals Division,Luis Moreno,3PCR - Complete Receipt,01/22/2024,$486.43
https://nevadaepro.com/bso/external/purchaseorder/poSummary.sdo?docId=99SWC-NV23-15341&releaseNbr=2941&external=true&parentUrl=close,99SWC-NV23-15341:2941,G2B From Staples Advantage - Central,Staples Advantage,Department of Human Services,Public and Behavioral Health,Goldie Ignatich,3PS - Sent,01/22/2024,$37.46
https://nevadaepro.com/bso/external/purchaseorder/poSummary.sdo?docId=99SWC-NV23-15341&releaseNbr=2942&external=true&parentUrl=close,99SWC-NV23-15341:2942,G2B From Staples Advantage,Staples Advantage,Department of Human Services,Aging and Disability Services Division,Edita Abell,3PCR - Complete Receipt,01/22/2024,$66.85
https://nevadaepro.com/bso/external/purchaseorder/poSummary.sdo?docId=99SWC-NV23-15341&releaseNbr=2943&external=true&parentUrl=close,99SWC-NV23-15341:2943,G2B From Staples Advantage,Staples Advantage,Department of Human Services,Division of Child and Family Services,Candy Bradley,3PS - Sent,01/23/2024,$589.07
https://nevadaepro.com/bso/external/purchaseorder/poSummary.sdo?docId=99SWC-NV23-15341&releaseNbr=2944&external=true&parentUrl=close,99SWC-NV23-15341:2944,G2B From Staples Advantage,Staples Advantage,Department of Human Services,Public and Behavioral Health,John Salvador,3PCO - Closed,01/23/2024,$269.92
https://nevadaepro.com/bso/external/purchaseorder/poSummary.sdo?docId=99SWC-NV23-15341&releaseNbr=2945&external=true&parentUrl=close,99SWC-NV23-15341:2945,G2B From Staples Advantage - Central,Staples Advantage,Department of Human Services,Public and Behavioral Health,Wyatt Layland,3PS - Sent,01/23/2024,$37.47
https://nevadaepro.com/bso/external/purchaseorder/poSummary.sdo?docId=99SWC-NV23-15341&releaseNbr=2946&external=true&parentUrl=close,99SWC-NV23-15341:2946,G2B From Staples Advantage - Winnemucca,Staples Advantage,Department of Human Services,Public and Behavioral Health,Wyatt Layland,3PS - Sent,01/23/2024,$147.15
https://nevadaepro.com/bso/external/purchaseorder/poSummary.sdo?docId=99SWC-NV23-15341&releaseNbr=2947&external=true&parentUrl=close,99SWC-NV23-15341:2947,G2B From Staples Advantage,Staples Advantage,Department of Public Safety,Nevada Highway Patrol,Michel Sparks,3PS - Sent,01/23/2024,$323.06
https://nevadaepro.com/bso/external/purchaseorder/poSummary.sdo?docId=99SWC-NV23-15341&releaseNbr=2948&external=true&parentUrl=close,99SWC-NV23-15341:2948,Certificate frames for Ceremonies/Regular re-stocked supplies needed,Staples Advantage,Department of Public Safety,Nevada Highway Patrol,Betsy Gillett,3PS - Sent,01/23/2024,$530.26
https://nevadaepro.com/bso/external/purchaseorder/poSummary.sdo?docId=99SWC-NV23-15341&releaseNbr=2949&external=true&parentUrl=close,99SWC-NV23-15341:2949,G2B From Staples Advantage,Staples Advantage,Department of Human Services,Public and Behavioral Health,John Salvador,3PCO - Closed,01/23/2024,$295.60
https://nevadaepro.com/bso/external/purchaseorder/poSummary.sdo?docId=99SWC-NV23-15341&releaseNbr=2950&external=true&parentUrl=close,99SWC-NV23-15341:2950,"Requested by Darren Arenas, Tech Group, Video Requests",Staples Advantage,Department of Public Safety,Nevada Highway Patrol,Betsy Gillett,3PS - Sent,01/23/2024,$532.08
https://nevadaepro.com/bso/external/purchaseorder/poSummary.sdo?docId=99SWC-NV23-15341&releaseNbr=2951&external=true&parentUrl=close,99SWC-NV23-15341:2951,G2B From Staples Advantage,Staples Advantage,Public Utilities Commission,Public Utilities Commission,Nichole Shafer,3PS - Sent,01/23/2024,$39.59
https://nevadaepro.com/bso/external/purchaseorder/poSummary.sdo?docId=99SWC-NV23-15341&releaseNbr=2952&external=true&parentUrl=close,99SWC-NV23-15341:2952,G2B From Staples Advantage,Staples Advantage,Department of Human Services,Aging and Disability Services Division,Sandra Lynch,3PCR - Complete Receipt,01/23/2024,$433.67
https://nevadaepro.com/bso/external/purchaseorder/poSummary.sdo?docId=99SWC-NV23-15341&releaseNbr=2953&external=true&parentUrl=close,99SWC-NV23-15341:2953,G2B From Staples Advantage,Staples Advantage,Department of Wildlife,Department of Wildlife,Hollie Timmons,3PS - Sent,01/23/2024,$60.20
https://nevadaepro.com/bso/external/purchaseorder/poSummary.sdo?docId=99SWC-NV23-15341&releaseNbr=2954&external=true&parentUrl=close,99SWC-NV23-15341:2954,G2B From Staples Advantage,Staples Advantage,Department of Wildlife,Department of Wildlife,Hollie Timmons,3PS - Sent,01/23/2024,$205.46
https://nevadaepro.com/bso/external/purchaseorder/poSummary.sdo?docId=99SWC-NV23-15341&releaseNbr=2955&external=true&parentUrl=close,99SWC-NV23-15341:2955,G2B From Staples Advantage,Staples Advantage,Department of Human Services,Public and Behavioral Health,Savannah Pimentel,3PCR - Complete Receipt,01/24/2024,$239.98
https://nevadaepro.com/bso/external/purchaseorder/poSummary.sdo?docId=99SWC-NV23-15341&releaseNbr=2956&external=true&parentUrl=close,99SWC-NV23-15341:2956,G2B From Staples Advantage,Staples Advantage,Department of Human Services,Public and Behavioral Health,Abbygail Northrop,3PS - Sent,01/24/2024,$37.12
https://nevadaepro.com/bso/external/purchaseorder/poSummary.sdo?docId=99SWC-NV23-15341&releaseNbr=2957&external=true&parentUrl=close,99SWC-NV23-15341:2957,G2B From Staples Advantage,Staples Advantage,Department of Human Services,Public and Behavioral Health,Abbygail Northrop,3PS - Sent,01/24/2024,$52.09
https://nevadaepro.com/bso/external/purchaseorder/poSummary.sdo?docId=99SWC-NV23-15341&releaseNbr=2958&external=true&parentUrl=close,99SWC-NV23-15341:2958,G2B From Staples Advantage,Staples Advantage,Department of Human Services,Public and Behavioral Health,Abbygail Northrop,3PS - Sent,01/24/2024,$575.98
https://nevadaepro.com/bso/external/purchaseorder/poSummary.sdo?docId=99SWC-NV23-15341&releaseNbr=2959&external=true&parentUrl=close,99SWC-NV23-15341:2959,G2B From Staples Advantage,Staples Advantage,Department of Human Services,Division of Child and Family Services,Candy Bradley,3PS - Sent,01/24/2024,$146.67
https://nevadaepro.com/bso/external/purchaseorder/poSummary.sdo?docId=99SWC-NV23-15341&releaseNbr=2960&external=true&parentUrl=close,99SWC-NV23-15341:2960,G2B From Staples Advantage 1/18/24,Staples Advantage,Department of Corrections,Department of Corrections,Irma Carrera,3PCR - Complete Receipt,01/24/2024,"$1,360.03"
https://nevadaepro.com/bso/external/purchaseorder/poSummary.sdo?docId=99SWC-NV23-15341&releaseNbr=2961&external=true&parentUrl=close,99SWC-NV23-15341:2961,G2B From Staples Advantage,Staples Advantage,Department of Agriculture,Department of Agriculture,Julia Miller-Ketcham,3PS - Sent,01/24/2024,$375.00
https://nevadaepro.com/bso/external/purchaseorder/poSummary.sdo?docId=99SWC-NV23-15341&releaseNbr=2962&external=true&parentUrl=close,99SWC-NV23-15341:2962,"Staples: Toner for Xerox B305, sharpies and paper to CGTH.",Staples Advantage,Department of Corrections,Department of Corrections,Maria Velazquez-Villanueva,3PCR - Complete Receipt,01/24/2024,$820.59
https://nevadaepro.com/bso/external/purchaseorder/poSummary.sdo?docId=99SWC-NV23-15341&releaseNbr=2963&external=true&parentUrl=close,99SWC-NV23-15341:2963,G2B From Staples Advantage,Staples Advantage,Department of Human Services,Aging and Disability Services Division,Marne Griepentrog,3PS - Sent,01/24/2024,$65.18
https://nevadaepro.com/bso/external/purchaseorder/poSummary.sdo?docId=99SWC-NV23-15341&releaseNbr=2964&external=true&parentUrl=close,99SWC-NV23-15341:2964,G2B From Staples Advantage,Staples Advantage,Department of Human Services,Aging and Disability Services Division,Marne Griepentrog,3PCR - Complete Receipt,01/24/2024,$76.27
https://nevadaepro.com/bso/external/purchaseorder/poSummary.sdo?docId=99SWC-NV23-15341&releaseNbr=2965&external=true&parentUrl=close,99SWC-NV23-15341:2965,G2B From Staples Advantage,Staples Advantage,Department of Business and Industry,Nevada Housing Division,Amber Baker,3PCR - Complete Receipt,01/24/2024,$202.21
https://nevadaepro.com/bso/external/purchaseorder/poSummary.sdo?docId=99SWC-NV23-15341&releaseNbr=2966&external=true&parentUrl=close,99SWC-NV23-15341:2966,G2B From Staples Advantage,Staples Advantage,Department of Business and Industry,Nevada Housing Division,Amber Baker,3PCR - Complete Receipt,01/24/2024,$178.66
https://nevadaepro.com/bso/external/purchaseorder/poSummary.sdo?docId=99SWC-NV23-15341&releaseNbr=2967&external=true&parentUrl=close,99SWC-NV23-15341:2967,G2B From Staples Advantage,Staples Advantage,Department of Business and Industry,Division of Insurance,Roxanne Lindstrom,3PCR - Complete Receipt,01/24/2024,$539.97
https://nevadaepro.com/bso/external/purchaseorder/poSummary.sdo?docId=99SWC-NV23-15341&releaseNbr=2968&external=true&parentUrl=close,99SWC-NV23-15341:2968,G2B From Staples Advantage,Staples Advantage,Department of Wildlife,Department of Wildlife,Hollie Timmons,3PS - Sent,01/24/2024,$407.60
https://nevadaepro.com/bso/external/purchaseorder/poSummary.sdo?docId=99SWC-NV23-15341&releaseNbr=2969&external=true&parentUrl=close,99SWC-NV23-15341:2969,G2B From Staples Advantage,Staples Advantage,Governor's Office,Governor's Office,Dale Ann Luzzi,3PCR - Complete Receipt,01/25/2024,$49.38
https://nevadaepro.com/bso/external/purchaseorder/poSummary.sdo?docId=99SWC-NV23-15341&releaseNbr=2970&external=true&parentUrl=close,99SWC-NV23-15341:2970,G2B From Staples Advantage,Staples Advantage,Department of Administration,Administrative Services Division,Kristen Pirolo,3PCR - Complete Receipt,01/25/2024,$39.10
https://nevadaepro.com/bso/external/purchaseorder/poSummary.sdo?docId=99SWC-NV23-15341&releaseNbr=2971&external=true&parentUrl=close,99SWC-NV23-15341:2971,G2B From Staples Advantage,Staples Advantage,Department of Public Safety,Nevada Highway Patrol,Lorena Fee,3PS - Sent,01/25/2024,$134.09
https://nevadaepro.com/bso/external/purchaseorder/poSummary.sdo?docId=99SWC-NV23-15341&releaseNbr=2972&external=true&parentUrl=close,99SWC-NV23-15341:2972,G2B From Staples Advantage,Staples Advantage,Public Utilities Commission,Public Utilities Commission,Dorothy Loucks,3PS - Sent,01/25/2024,$62.28
https://nevadaepro.com/bso/external/purchaseorder/poSummary.sdo?docId=99SWC-NV23-15341&releaseNbr=2973&external=true&parentUrl=close,99SWC-NV23-15341:2973,G2B From Staples Advantage,Staples Advantage,Department of Administration,Division of Human Resource Management,Ernestina Hernandez,3PCR - Complete Receipt,01/25/2024,$86.49
https://nevadaepro.com/bso/external/purchaseorder/poSummary.sdo?docId=99SWC-NV23-15341&releaseNbr=2974&external=true&parentUrl=close,99SWC-NV23-15341:2974,G2B From Staples Advantage,Staples Advantage,Department of Human Services,Division of Child and Family Services,Angelina Jepsen,3PS - Sent,01/25/2024,$474.37
https://nevadaepro.com/bso/external/purchaseorder/poSummary.sdo?docId=99SWC-NV23-15341&releaseNbr=2975&external=true&parentUrl=close,99SWC-NV23-15341:2975,ESP Staples - digital recorders,Staples Advantage,Department of Corrections,Department of Corrections,Elizabeth Pritchard,3PCR - Complete Receipt,01/25/2024,$422.60
https://nevadaepro.com/bso/external/purchaseorder/poSummary.sdo?docId=99SWC-NV23-15341&releaseNbr=2976&external=true&parentUrl=close,99SWC-NV23-15341:2976,"Staples, Camera and Memory Cards",Staples Advantage,Department of Corrections,Department of Corrections,Amanda Hoerster,3PCR - Complete Receipt,01/25/2024,$104.55
https://nevadaepro.com/bso/external/purchaseorder/poSummary.sdo?docId=99SWC-NV23-15341&releaseNbr=2977&external=true&parentUrl=close,99SWC-NV23-15341:2977,G2B From Staples Advantage,Staples Advantage,Attorney General's Office,Attorney General's Office,Jennifer Ross,3PS - Sent,01/25/2024,$235.94
https://nevadaepro.com/bso/external/purchaseorder/poSummary.sdo?docId=99SWC-NV23-15341&releaseNbr=2978&external=true&parentUrl=close,99SWC-NV23-15341:2978,G2B From Staples Advantage,Staples Advantage,Department of Human Services,Division of Child and Family Services,Lauri Brown,3PS - Sent,01/25/2024,$550.83
https://nevadaepro.com/bso/external/purchaseorder/poSummary.sdo?docId=99SWC-NV23-15341&releaseNbr=2979&external=true&parentUrl=close,99SWC-NV23-15341:2979,G2B From Staples Advantage,Staples Advantage,Department of Agriculture,Department of Agriculture,Cynthia Oropeza,3PS - Sent,01/25/2024,$135.51
https://nevadaepro.com/bso/external/purchaseorder/poSummary.sdo?docId=99SWC-NV23-15341&releaseNbr=2980&external=true&parentUrl=close,99SWC-NV23-15341:2980,G2B From Staples Advantage,Staples Advantage,Department of Agriculture,Department of Agriculture,Ashley Maciel,3PS - Sent,01/25/2024,$554.02
https://nevadaepro.com/bso/external/purchaseorder/poSummary.sdo?docId=99SWC-NV23-15341&releaseNbr=2981&external=true&parentUrl=close,99SWC-NV23-15341:2981,ELECTIONS SUPPLY,Staples Advantage,Secretary of State's Office,Secretary of State's Office,Karina Carrion,3PS - Sent,01/25/2024,$178.28
https://nevadaepro.com/bso/external/purchaseorder/poSummary.sdo?docId=99SWC-NV23-15341&releaseNbr=2982&external=true&parentUrl=close,99SWC-NV23-15341:2982,Notary Supply Order,Staples Advantage,Secretary of State's Office,Secretary of State's Office,Karina Carrion,3PS - Sent,01/25/2024,$113.65
https://nevadaepro.com/bso/external/purchaseorder/poSummary.sdo?docId=99SWC-NV23-15341&releaseNbr=2983&external=true&parentUrl=close,99SWC-NV23-15341:2983,1.19.24 LVDO Supply Order,Staples Advantage,Department of Human Services,Health Care Financing and Policy,Angelica Velazquez Arias,3PCR - Complete Receipt,01/25/2024,$314.26
https://nevadaepro.com/bso/external/purchaseorder/poSummary.sdo?docId=99SWC-NV23-15341&releaseNbr=2984&external=true&parentUrl=close,99SWC-NV23-15341:2984,January 2024 Admin Supply Order,Staples Advantage,Department of Human Services,Health Care Financing and Policy,Daisy Lopez,3PCR - Complete Receipt,01/25/2024,$454.00
https://nevadaepro.com/bso/external/purchaseorder/poSummary.sdo?docId=99SWC-NV23-15341&releaseNbr=2985&external=true&parentUrl=close,99SWC-NV23-15341:2985,G2B From Staples Advantage,Staples Advantage,Department of Administration,Division of Human Resource Management,Ernestina Hernandez,3PCR - Complete Receipt,01/25/2024,$208.16
https://nevadaepro.com/bso/external/purchaseorder/poSummary.sdo?docId=99SWC-NV23-15341&releaseNbr=2986&external=true&parentUrl=close,99SWC-NV23-15341:2986,G2B From Staples Advantage,Staples Advantage,Governor's Office,Governor's Finance Office,Cassidy Council,3PCR - Complete Receipt,01/25/2024,$292.57
https://nevadaepro.com/bso/external/purchaseorder/poSummary.sdo?docId=99SWC-NV23-15341&releaseNbr=2987&external=true&parentUrl=close,99SWC-NV23-15341:2987,G2B From Staples Advantage,Staples Advantage,Department of Administration,Division of Human Resource Management,Ernestina Hernandez,3PCR - Complete Receipt,01/26/2024,$317.33
https://nevadaepro.com/bso/external/purchaseorder/poSummary.sdo?docId=99SWC-NV23-15341&releaseNbr=2988&external=true&parentUrl=close,99SWC-NV23-15341:2988,G2B From Staples Advantage,Staples Advantage,Department of Administration,OCIO,Nicholas Bashaw,3PCR - Complete Receipt,01/26/2024,$40.92
https://nevadaepro.com/bso/external/purchaseorder/poSummary.sdo?docId=99SWC-NV23-15341&releaseNbr=2989&external=true&parentUrl=close,99SWC-NV23-15341:2989,G2B From Staples Advantage,Staples Advantage,Department of Human Services,Division of Child and Family Services,Candy Bradley,3PS - Sent,01/26/2024,$78.42
https://nevadaepro.com/bso/external/purchaseorder/poSummary.sdo?docId=99SWC-NV23-15341&releaseNbr=2990&external=true&parentUrl=close,99SWC-NV23-15341:2990,G2B From Staples Advantage,Staples Advantage,Department of Human Services,Public and Behavioral Health,Tierra Sears,3PS - Sent,01/26/2024,"$1,703.53"
https://nevadaepro.com/bso/external/purchaseorder/poSummary.sdo?docId=99SWC-NV23-15341&releaseNbr=2991&external=true&parentUrl=close,99SWC-NV23-15341:2991,dust off air dusters; 80lb cardstock paper; bubble roll  packaging wrap; heavy duty packing tape,Staples Advantage,Department of Wildlife,Department of Wildlife,Tara Wyatt,3PS - Sent,01/26/2024,$98.41
https://nevadaepro.com/bso/external/purchaseorder/poSummary.sdo?docId=99SWC-NV23-15341&releaseNbr=2992&external=true&parentUrl=close,99SWC-NV23-15341:2992,G2B From Staples Advantage,Staples Advantage,Department of Administration,Fleet Services Division,Robbie Burgess,3PCR - Complete Receipt,01/26/2024,$319.98
https://nevadaepro.com/bso/external/purchaseorder/poSummary.sdo?docId=99SWC-NV23-15341&releaseNbr=2993&external=true&parentUrl=close,99SWC-NV23-15341:2993,G2B From Staples Advantage,Staples Advantage,Department of Human Services,Aging and Disability Services Division,Adarshdeep Kaur,3PCR - Complete Receipt,01/26/2024,$401.37
https://nevadaepro.com/bso/external/purchaseorder/poSummary.sdo?docId=99SWC-NV23-15341&releaseNbr=2994&external=true&parentUrl=close,99SWC-NV23-15341:2994,G2B From Staples Advantage,Staples Advantage,Department of Human Services,DHS Director's Office,Rebecca Ortiz,3PS - Sent,01/26/2024,$184.79
https://nevadaepro.com/bso/external/purchaseorder/poSummary.sdo?docId=99SWC-NV23-15341&releaseNbr=2995&external=true&parentUrl=close,99SWC-NV23-15341:2995,G2B From Staples Advantage,Staples Advantage,Department of Administration,Hearings and Appeals Division,Luis Moreno,3PCR - Complete Receipt,01/26/2024,$815.20
https://nevadaepro.com/bso/external/purchaseorder/poSummary.sdo?docId=99SWC-NV23-15341&releaseNbr=2996&external=true&parentUrl=close,99SWC-NV23-15341:2996,G2B From Staples Advantage,Staples Advantage,Department of Human Services,Public and Behavioral Health,Stacy McCool,3PS - Sent,01/26/2024,$190.12
https://nevadaepro.com/bso/external/purchaseorder/poSummary.sdo?docId=99SWC-NV23-15341&releaseNbr=2997&external=true&parentUrl=close,99SWC-NV23-15341:2997,G2B From Staples Advantage,Staples Advantage,Department of Human Services,Public and Behavioral Health,Nikki Mead,3PS - Sent,01/26/2024,$375.21
https://nevadaepro.com/bso/external/purchaseorder/poSummary.sdo?docId=99SWC-NV23-15341&releaseNbr=2998&external=true&parentUrl=close,99SWC-NV23-15341:2998,G2B From Staples Advantage,Staples Advantage,Department of Public Safety,DPS Director's Office,Heather Brazil,3PS - Sent,01/26/2024,$39.00
https://nevadaepro.com/bso/external/purchaseorder/poSummary.sdo?docId=99SWC-NV23-15341&releaseNbr=2999&external=true&parentUrl=close,99SWC-NV23-15341:2999,G2B From Staples Advantage,Staples Advantage,Department of Human Services,Division of Child and Family Services,Candy Bradley,3PS - Sent,01/29/2024,$506.87
https://nevadaepro.com/bso/external/purchaseorder/poSummary.sdo?docId=99SWC-NV23-15341&releaseNbr=3000&external=true&parentUrl=close,99SWC-NV23-15341:3000,G2B From Staples Advantage,Staples Advantage,Department of Administration,"Nevada State Library, Archives and Public Records",Marie Markovich,3PCR - Complete Receipt,01/29/2024,$56.07
https://nevadaepro.com/bso/external/purchaseorder/poSummary.sdo?docId=99SWC-NV23-15341&releaseNbr=3001&external=true&parentUrl=close,99SWC-NV23-15341:3001,G2B From Staples Advantage,Staples Advantage,Department of Human Services,DHS Director's Office,Sandra Perez,3PS - Sent,01/29/2024,$126.12
https://nevadaepro.com/bso/external/purchaseorder/poSummary.sdo?docId=99SWC-NV23-15341&releaseNbr=3002&external=true&parentUrl=close,99SWC-NV23-15341:3002,G2B From Staples Advantage,Staples Advantage,Department of Human Services,Social Services,Sharee Kessler,3PCO - Closed,01/29/2024,$160.35
https://nevadaepro.com/bso/external/purchaseorder/poSummary.sdo?docId=99SWC-NV23-15341&releaseNbr=3003&external=true&parentUrl=close,99SWC-NV23-15341:3003,HP copy paper HPB1124,Staples Advantage,Department of Human Services,Social Services,Fe Balanay,3PCO - Closed,01/29/2024,$740.00
https://nevadaepro.com/bso/external/purchaseorder/poSummary.sdo?docId=99SWC-NV23-15341&releaseNbr=3004&external=true&parentUrl=close,99SWC-NV23-15341:3004,Staples office supply order,Staples Advantage,Department of Human Services,Social Services,Teresa Naylor,3PCO - Closed,01/29/2024,$85.34
https://nevadaepro.com/bso/external/purchaseorder/poSummary.sdo?docId=99SWC-NV23-15341&releaseNbr=3005&external=true&parentUrl=close,99SWC-NV23-15341:3005,G2B From Staples Advantage,Staples Advantage,"Department of Employment, Training and Rehabilitation",Rehabilitation Division,Christine Bonney,3PS - Sent,01/29/2024,$936.08
https://nevadaepro.com/bso/external/purchaseorder/poSummary.sdo?docId=99SWC-NV23-15341&releaseNbr=3006&external=true&parentUrl=close,99SWC-NV23-15341:3006,G2B From Staples Advantage,Staples Advantage,"Department of Employment, Training and Rehabilitation",DETR Administrative Services,Gregory Brown,3PS - Sent,01/29/2024,$84.72
https://nevadaepro.com/bso/external/purchaseorder/poSummary.sdo?docId=99SWC-NV23-15341&releaseNbr=3007&external=true&parentUrl=close,99SWC-NV23-15341:3007,G2B From Staples Advantage,Staples Advantage,"Department of Employment, Training and Rehabilitation",Nevada Equal Rights Commission,Christina Ennis,3PS - Sent,01/29/2024,$171.43
https://nevadaepro.com/bso/external/purchaseorder/poSummary.sdo?docId=99SWC-NV23-15341&releaseNbr=3008&external=true&parentUrl=close,99SWC-NV23-15341:3008,G2B From Staples Advantage,Staples Advantage,"Department of Employment, Training and Rehabilitation",Nevada Equal Rights Commission,Erika Pfendler,3PS - Sent,01/29/2024,$852.35
https://nevadaepro.com/bso/external/purchaseorder/poSummary.sdo?docId=99SWC-NV23-15341&releaseNbr=3009&external=true&parentUrl=close,99SWC-NV23-15341:3009,copier paper,Staples Advantage,Department of Human Services,Social Services,Glena Basped,3PCO - Closed,01/29/2024,"$5,646.00"
https://nevadaepro.com/bso/external/purchaseorder/poSummary.sdo?docId=99SWC-NV23-15341&releaseNbr=3010&external=true&parentUrl=close,99SWC-NV23-15341:3010,G2B From Staples Advantage,Staples Advantage,Department of Public Safety,DPS Director's Office,Cherieanne Gantan,3PS - Sent,01/29/2024,$467.22
https://nevadaepro.com/bso/external/purchaseorder/poSummary.sdo?docId=99SWC-NV23-15341&releaseNbr=3011&external=true&parentUrl=close,99SWC-NV23-15341:3011,G2B From Staples Advantage,Staples Advantage,Governor's Office,Governor's Finance Office,Nicole Stephens,3PCR - Complete Receipt,01/29/2024,$49.99
https://nevadaepro.com/bso/external/purchaseorder/poSummary.sdo?docId=99SWC-NV23-15341&releaseNbr=3012&external=true&parentUrl=close,99SWC-NV23-15341:3012,NNCC R72686 Toner for printers at NNCC,Staples Advantage,Department of Corrections,Department of Corrections,Keli Murphy,3PCR - Complete Receipt,01/29/2024,"$2,495.11"
https://nevadaepro.com/bso/external/purchaseorder/poSummary.sdo?docId=99SWC-NV23-15341&releaseNbr=3014&external=true&parentUrl=close,99SWC-NV23-15341:3014,9X12 Clasp Envelope,Staples Advantage,Department of Conservation and Natural Resources,State Lands Division,Jacob Getz,3PCR - Complete Receipt,01/29/2024,$39.00
https://nevadaepro.com/bso/external/purchaseorder/poSummary.sdo?docId=99SWC-NV23-15341&releaseNbr=3015&external=true&parentUrl=close,99SWC-NV23-15341:3015,To replenish stock,Staples Advantage,Department of Human Services,Aging and Disability Services Division,Martha Rivera,3PCR - Complete Receipt,01/29/2024,$186.52
https://nevadaepro.com/bso/external/purchaseorder/poSummary.sdo?docId=99SWC-NV23-15341&releaseNbr=3016&external=true&parentUrl=close,99SWC-NV23-15341:3016,Ink- SUD Southern Sites,Staples Advantage,Department of Corrections,Department of Corrections,Karen Best,3PCR - Complete Receipt,01/30/2024,$728.34
https://nevadaepro.com/bso/external/purchaseorder/poSummary.sdo?docId=99SWC-NV23-15341&releaseNbr=3017&external=true&parentUrl=close,99SWC-NV23-15341:3017,"Staples: Pens, pencils and erasers for SDCC",Staples Advantage,Department of Corrections,Department of Corrections,Maria Velazquez-Villanueva,3PCR - Complete Receipt,01/30/2024,$175.24
https://nevadaepro.com/bso/external/purchaseorder/poSummary.sdo?docId=99SWC-NV23-15341&releaseNbr=3018&external=true&parentUrl=close,99SWC-NV23-15341:3018,G2B From Staples Advantage,Staples Advantage,Governor's Office of Economic Development,Governor's Office of Economic Development,Mason Weber,3PS - Sent,01/30/2024,$978.44
https://nevadaepro.com/bso/external/purchaseorder/poSummary.sdo?docId=99SWC-NV23-15341&releaseNbr=3019&external=true&parentUrl=close,99SWC-NV23-15341:3019,G2B From Staples Advantage,Staples Advantage,Governor's Office of Economic Development,Governor's Office of Economic Development,Mason Weber,3PS - Sent,01/30/2024,$40.00
https://nevadaepro.com/bso/external/purchaseorder/poSummary.sdo?docId=99SWC-NV23-15341&releaseNbr=3020&external=true&parentUrl=close,99SWC-NV23-15341:3020,G2B From Staples Advantage,Staples Advantage,Department of Human Services,Public and Behavioral Health,John Salvador,3PCO - Closed,01/30/2024,$400.24
https://nevadaepro.com/bso/external/purchaseorder/poSummary.sdo?docId=99SWC-NV23-15341&releaseNbr=3021&external=true&parentUrl=close,99SWC-NV23-15341:3021,G2B From Staples Advantage,Staples Advantage,Department of Business and Industry,Real Estate Division,Shareece Bates,3PCR - Complete Receipt,01/30/2024,$701.82
https://nevadaepro.com/bso/external/purchaseorder/poSummary.sdo?docId=99SWC-NV23-15341&releaseNbr=3023&external=true&parentUrl=close,99SWC-NV23-15341:3023,G2B From Staples Advantage,Staples Advantage,Department of Human Services,Division of Child and Family Services,Becky Gray,3PS - Sent,01/30/2024,$306.37
https://nevadaepro.com/bso/external/purchaseorder/poSummary.sdo?docId=99SWC-NV23-15341&releaseNbr=3025&external=true&parentUrl=close,99SWC-NV23-15341:3025,G2B From Staples Advantage,Staples Advantage,Adjutant General,Emergency Management,Seth Johnson,3PCR - Complete Receipt,01/30/2024,$36.48
https://nevadaepro.com/bso/external/purchaseorder/poSummary.sdo?docId=99SWC-NV23-15341&releaseNbr=3027&external=true&parentUrl=close,99SWC-NV23-15341:3027,G2B From Staples Advantage,Staples Advantage,Department of Administration,"Nevada State Library, Archives and Public Records",Marie Markovich,3PCR - Complete Receipt,01/31/2024,$43.10
https://nevadaepro.com/bso/external/purchaseorder/poSummary.sdo?docId=99SWC-NV23-15341&releaseNbr=3028&external=true&parentUrl=close,99SWC-NV23-15341:3028,G2B From Staples Advantage,Staples Advantage,Department of Human Services,Public and Behavioral Health,Goldie Ignatich,3PS - Sent,01/31/2024,$37.48
https://nevadaepro.com/bso/external/purchaseorder/poSummary.sdo?docId=99SWC-NV23-15341&releaseNbr=3029&external=true&parentUrl=close,99SWC-NV23-15341:3029,G2B From Staples Advantage,Staples Advantage,Department of Wildlife,Department of Wildlife,Shannon Graham,3PS - Sent,01/31/2024,$46.20
https://nevadaepro.com/bso/external/purchaseorder/poSummary.sdo?docId=99SWC-NV23-15341&releaseNbr=3030&external=true&parentUrl=close,99SWC-NV23-15341:3030,G2B From Staples Advantage,Staples Advantage,Colorado River Commission,Colorado River Commission,Gina Goodman,3PS - Sent,01/31/2024,$110.33
https://nevadaepro.com/bso/external/purchaseorder/poSummary.sdo?docId=99SWC-NV23-15341&releaseNbr=3031&external=true&parentUrl=close,99SWC-NV23-15341:3031,G2B From Staples Advantage,Staples Advantage,Department of Human Services,Aging and Disability Services Division,Marne Griepentrog,3PCR - Complete Receipt,01/31/2024,$88.39
https://nevadaepro.com/bso/external/purchaseorder/poSummary.sdo?docId=99SWC-NV23-15341&releaseNbr=3032&external=true&parentUrl=close,99SWC-NV23-15341:3032,DECATUR-CANON 128 REFURB TONERS- Staples Advantage,Staples Advantage,Department of Motor Vehicles,Department of Motor Vehicles,Julia Chulay,3PCR - Complete Receipt,01/31/2024,$122.64
https://nevadaepro.com/bso/external/purchaseorder/poSummary.sdo?docId=99SWC-NV23-15341&releaseNbr=3033&external=true&parentUrl=close,99SWC-NV23-15341:3033,G2B From Staples Advantage,Staples Advantage,Department of Human Services,Public and Behavioral Health,John Salvador,3PCO - Closed,01/31/2024,$198.44
https://nevadaepro.com/bso/external/purchaseorder/poSummary.sdo?docId=99SWC-NV23-15341&releaseNbr=3034&external=true&parentUrl=close,99SWC-NV23-15341:3034,G2B From Staples Advantage,Staples Advantage,"Department of Employment, Training and Rehabilitation",Rehabilitation Division,Alma Gartner,3PS - Sent,01/31/2024,$243.19
https://nevadaepro.com/bso/external/purchaseorder/poSummary.sdo?docId=99SWC-NV23-15341&releaseNbr=3035&external=true&parentUrl=close,99SWC-NV23-15341:3035,G2B From Staples Advantage,Staples Advantage,Department of Business and Industry,Division of Mortgage Lending,Christina Lugo,3PCR - Complete Receipt,01/31/2024,$134.61
https://nevadaepro.com/bso/external/purchaseorder/poSummary.sdo?docId=99SWC-NV23-15341&releaseNbr=3036&external=true&parentUrl=close,99SWC-NV23-15341:3036,Las Vegas APS Supply Order- Staples,Staples Advantage,Department of Human Services,Aging and Disability Services Division,Lacey Hix,3PS - Sent,01/31/2024,$538.50
https://nevadaepro.com/bso/external/purchaseorder/poSummary.sdo?docId=99SWC-NV23-15341&releaseNbr=3037&external=true&parentUrl=close,99SWC-NV23-15341:3037,G2B From Staples Advantage,Staples Advantage,Department of Human Services,Aging and Disability Services Division,Lacey Hix,3PS - Sent,01/31/2024,$473.85
https://nevadaepro.com/bso/external/purchaseorder/poSummary.sdo?docId=99SWC-NV23-15341&releaseNbr=3038&external=true&parentUrl=close,99SWC-NV23-15341:3038,APS QA Office Supply Order- Carson,Staples Advantage,Department of Human Services,Aging and Disability Services Division,Lacey Hix,3PS - Sent,01/31/2024,$79.23
https://nevadaepro.com/bso/external/purchaseorder/poSummary.sdo?docId=99SWC-NV23-15341&releaseNbr=3039&external=true&parentUrl=close,99SWC-NV23-15341:3039,G2B From Staples Advantage,Staples Advantage,Department of Administration,Fleet Services Division,Donna Winters,3PCR - Complete Receipt,01/31/2024,$203.80
https://nevadaepro.com/bso/external/purchaseorder/poSummary.sdo?docId=99SWC-NV23-15341&releaseNbr=3040&external=true&parentUrl=close,99SWC-NV23-15341:3040,G2B From Staples Advantage,Staples Advantage,Department of Administration,Administrative Services Division,Rachel Rupert,3PCR - Complete Receipt,01/31/2024,$78.18
https://nevadaepro.com/bso/external/purchaseorder/poSummary.sdo?docId=99SWC-NV23-15341&releaseNbr=3041&external=true&parentUrl=close,99SWC-NV23-15341:3041,G2B From Staples Advantage,Staples Advantage,Department of Human Services,Division of Child and Family Services,Merlita Phillips,3PS - Sent,02/01/2024,$71.36
https://nevadaepro.com/bso/external/purchaseorder/poSummary.sdo?docId=99SWC-NV23-15341&releaseNbr=3042&external=true&parentUrl=close,99SWC-NV23-15341:3042,G2B From Staples Advantage,Staples Advantage,Department of Administration,State Public Works Division,Shantee Jennings,3PPR - Partial Receipt,02/01/2024,$654.24
https://nevadaepro.com/bso/external/purchaseorder/poSummary.sdo?docId=99SWC-NV23-15341&releaseNbr=3043&external=true&parentUrl=close,99SWC-NV23-15341:3043,G2B From Staples Advantage,Staples Advantage,Department of Public Safety,Nevada Highway Patrol,Kasen Cornmesser,3PS - Sent,02/01/2024,$411.46
https://nevadaepro.com/bso/external/purchaseorder/poSummary.sdo?docId=99SWC-NV23-15341&releaseNbr=3044&external=true&parentUrl=close,99SWC-NV23-15341:3044,G2B From Staples Advantage,Staples Advantage,Department of Public Safety,Nevada Highway Patrol,Kasen Cornmesser,3PS - Sent,02/01/2024,$354.03
https://nevadaepro.com/bso/external/purchaseorder/poSummary.sdo?docId=99SWC-NV23-15341&releaseNbr=3045&external=true&parentUrl=close,99SWC-NV23-15341:3045,G2B From Staples Advantage,Staples Advantage,Department of Business and Industry,Business and Industry,Michelle Metivier,3PCR - Complete Receipt,02/01/2024,$173.44
https://nevadaepro.com/bso/external/purchaseorder/poSummary.sdo?docId=99SWC-NV23-15341&releaseNbr=3046&external=true&parentUrl=close,99SWC-NV23-15341:3046,G2B From Staples Advantage,Staples Advantage,Department of Human Services,Aging and Disability Services Division,Tiffany Ellis,3PCR - Complete Receipt,02/01/2024,$169.38
https://nevadaepro.com/bso/external/purchaseorder/poSummary.sdo?docId=99SWC-NV23-15341&releaseNbr=3047&external=true&parentUrl=close,99SWC-NV23-15341:3047,G2B From Staples Advantage,Staples Advantage,Department of Wildlife,Department of Wildlife,Jennifer Miller,3PS - Sent,02/01/2024,$77.62
https://nevadaepro.com/bso/external/purchaseorder/poSummary.sdo?docId=99SWC-NV23-15341&releaseNbr=3048&external=true&parentUrl=close,99SWC-NV23-15341:3048,G2B From Staples Advantage,Staples Advantage,Department of Public Safety,DPS Director's Office,Heather Brazil,3PS - Sent,02/01/2024,$104.60
https://nevadaepro.com/bso/external/purchaseorder/poSummary.sdo?docId=99SWC-NV23-15341&releaseNbr=3049&external=true&parentUrl=close,99SWC-NV23-15341:3049,G2B From Staples Advantage,Staples Advantage,Department of Business and Industry,Office of the Labor Commission,Eileen Woltz,3PCR - Complete Receipt,02/01/2024,$340.15
https://nevadaepro.com/bso/external/purchaseorder/poSummary.sdo?docId=99SWC-NV23-15341&releaseNbr=3050&external=true&parentUrl=close,99SWC-NV23-15341:3050,waste toner and office supplies,Staples Advantage,Department of Corrections,Department of Corrections,Manuel Chavez,3PCR - Complete Receipt,02/01/2024,$410.64
https://nevadaepro.com/bso/external/purchaseorder/poSummary.sdo?docId=99SWC-NV23-15341&releaseNbr=3051&external=true&parentUrl=close,99SWC-NV23-15341:3051,DOC PREP 1.26,Staples Advantage,Secretary of State's Office,Secretary of State's Office,Karina Carrion,3PS - Sent,02/01/2024,$188.92
https://nevadaepro.com/bso/external/purchaseorder/poSummary.sdo?docId=99SWC-NV23-15341&releaseNbr=3052&external=true&parentUrl=close,99SWC-NV23-15341:3052,G2B From Staples Advantage,Staples Advantage,Department of Human Services,Social Services,Juliann Koch,3PCO - Closed,02/01/2024,$260.86
https://nevadaepro.com/bso/external/purchaseorder/poSummary.sdo?docId=99SWC-NV23-15341&releaseNbr=3053&external=true&parentUrl=close,99SWC-NV23-15341:3053,G2B From Staples Advantage,Staples Advantage,Public Utilities Commission,Public Utilities Commission,Dorothy Loucks,3PS - Sent,02/02/2024,$72.31
https://nevadaepro.com/bso/external/purchaseorder/poSummary.sdo?docId=99SWC-NV23-15341&releaseNbr=3054&external=true&parentUrl=close,99SWC-NV23-15341:3054,"Copy paper, file envelopes",Staples Advantage,Department of Corrections,Department of Corrections,Melanie Middleton,3PCR - Complete Receipt,02/02/2024,$353.20
https://nevadaepro.com/bso/external/purchaseorder/poSummary.sdo?docId=99SWC-NV23-15341&releaseNbr=3055&external=true&parentUrl=close,99SWC-NV23-15341:3055,G2B From Staples Advantage,Staples Advantage,Department of Corrections,Department of Corrections,Michael Espinoza,3PCR - Complete Receipt,02/02/2024,$259.52
https://nevadaepro.com/bso/external/purchaseorder/poSummary.sdo?docId=99SWC-NV23-15341&releaseNbr=3056&external=true&parentUrl=close,99SWC-NV23-15341:3056,G2B From Staples Advantage,Staples Advantage,Department of Human Services,Public and Behavioral Health,Chanice Winston,3PS - Sent,02/02/2024,$103.61
https://nevadaepro.com/bso/external/purchaseorder/poSummary.sdo?docId=99SWC-NV23-15341&releaseNbr=3057&external=true&parentUrl=close,99SWC-NV23-15341:3057,Staples Order  3.1,Staples Advantage,Department of Corrections,Department of Corrections,Madison Taylor,3PCR - Complete Receipt,02/02/2024,$343.53
https://nevadaepro.com/bso/external/purchaseorder/poSummary.sdo?docId=99SWC-NV23-15341&releaseNbr=3058&external=true&parentUrl=close,99SWC-NV23-15341:3058,G2B From Staples Advantage,Staples Advantage,Department of Human Services,Division of Child and Family Services,Candy Bradley,3PS - Sent,02/02/2024,$61.20
https://nevadaepro.com/bso/external/purchaseorder/poSummary.sdo?docId=99SWC-NV23-15341&releaseNbr=3059&external=true&parentUrl=close,99SWC-NV23-15341:3059,G2B From Staples Advantage,Staples Advantage,Department of Human Services,Division of Child and Family Services,Candy Bradley,3PS - Sent,02/02/2024,$106.44
https://nevadaepro.com/bso/external/purchaseorder/poSummary.sdo?docId=99SWC-NV23-15341&releaseNbr=3060&external=true&parentUrl=close,99SWC-NV23-15341:3060,G2B From Staples Advantage,Staples Advantage,Department of Wildlife,Department of Wildlife,Bernadette Keane,3PS - Sent,02/02/2024,$91.37
https://nevadaepro.com/bso/external/purchaseorder/poSummary.sdo?docId=99SWC-NV23-15341&releaseNbr=3061&external=true&parentUrl=close,99SWC-NV23-15341:3061,Staples Advantage,Staples Advantage,Department of Human Services,Division of Child and Family Services,Lauri Brown,3PS - Sent,02/02/2024,$350.04
https://nevadaepro.com/bso/external/purchaseorder/poSummary.sdo?docId=99SWC-NV23-15341&releaseNbr=3062&external=true&parentUrl=close,99SWC-NV23-15341:3062,Office Supplies Jan. 2024,Staples Advantage,Department of Administration,DOA Director's Office,Emma Cline,3PPR - Partial Receipt,02/02/2024,$441.83
https://nevadaepro.com/bso/external/purchaseorder/poSummary.sdo?docId=99SWC-NV23-15341&releaseNbr=3063&external=true&parentUrl=close,99SWC-NV23-15341:3063,Dust-Off Compressed Air & Field Tissues,Staples Advantage,Department of Conservation and Natural Resources,Natural Heritage,Melissa Spears,3PCO - Closed,02/02/2024,$37.57
https://nevadaepro.com/bso/external/purchaseorder/poSummary.sdo?docId=99SWC-NV23-15341&releaseNbr=3064&external=true&parentUrl=close,99SWC-NV23-15341:3064,G2B From Staples Advantage,Staples Advantage,Department of Human Services,Division of Child and Family Services,Natalie Hug,3PS - Sent,02/02/2024,$172.84
https://nevadaepro.com/bso/external/purchaseorder/poSummary.sdo?docId=99SWC-NV23-15341&releaseNbr=3065&external=true&parentUrl=close,99SWC-NV23-15341:3065,"Staples: Toner, Kleenex, pencil sharpener and pens for FMWCC.",Staples Advantage,Department of Corrections,Department of Corrections,Maria Velazquez-Villanueva,3PCR - Complete Receipt,02/02/2024,$456.53
https://nevadaepro.com/bso/external/purchaseorder/poSummary.sdo?docId=99SWC-NV23-15341&releaseNbr=3066&external=true&parentUrl=close,99SWC-NV23-15341:3066,G2B From Staples Advantage,Staples Advantage,Department of Human Services,Social Services,Jennifer Zywicki,3PCO - Closed,02/02/2024,$429.36
https://nevadaepro.com/bso/external/purchaseorder/poSummary.sdo?docId=99SWC-NV23-15341&releaseNbr=3067&external=true&parentUrl=close,99SWC-NV23-15341:3067,office Supplies Staples Advantage,Staples Advantage,Department of Motor Vehicles,Department of Motor Vehicles,Matthew Medeiros,3PS - Sent,02/02/2024,$436.50
https://nevadaepro.com/bso/external/purchaseorder/poSummary.sdo?docId=99SWC-NV23-15341&releaseNbr=3068&external=true&parentUrl=close,99SWC-NV23-15341:3068,CARSON CITY-SCOTCH TAPE-YELLOW HIGHLIGHTER-SCISSORS Staples Advantage,Staples Advantage,Department of Motor Vehicles,Department of Motor Vehicles,Julia Chulay,3PS - Sent,02/02/2024,$43.90
https://nevadaepro.com/bso/external/purchaseorder/poSummary.sdo?docId=99SWC-NV23-15341&releaseNbr=3069&external=true&parentUrl=close,99SWC-NV23-15341:3069,office supplies From Staples Advantage,Staples Advantage,Department of Motor Vehicles,Department of Motor Vehicles,Matthew Medeiros,3PS - Sent,02/02/2024,$981.94
https://nevadaepro.com/bso/external/purchaseorder/poSummary.sdo?docId=99SWC-NV23-15341&releaseNbr=3070&external=true&parentUrl=close,99SWC-NV23-15341:3070,Decatur Ergonomic Evaluation Staples Advantage,Staples Advantage,Department of Motor Vehicles,Department of Motor Vehicles,Matthew Medeiros,3PCR - Complete Receipt,02/02/2024,$115.08
https://nevadaepro.com/bso/external/purchaseorder/poSummary.sdo?docId=99SWC-NV23-15341&releaseNbr=3071&external=true&parentUrl=close,99SWC-NV23-15341:3071,Office Supplies Staples Advantage,Staples Advantage,Department of Motor Vehicles,Department of Motor Vehicles,Matthew Medeiros,3PS - Sent,02/02/2024,$400.60
https://nevadaepro.com/bso/external/purchaseorder/poSummary.sdo?docId=99SWC-NV23-15341&releaseNbr=3072&external=true&parentUrl=close,99SWC-NV23-15341:3072,office supplies Staples Advantage,Staples Advantage,Department of Motor Vehicles,Department of Motor Vehicles,Matthew Medeiros,3PS - Sent,02/02/2024,$73.01
https://nevadaepro.com/bso/external/purchaseorder/poSummary.sdo?docId=99SWC-NV23-15341&releaseNbr=3073&external=true&parentUrl=close,99SWC-NV23-15341:3073,G2B From Staples Advantage,Staples Advantage,Department of Human Services,Division of Child and Family Services,Andrea Chandler,3PS - Sent,02/02/2024,$169.56
https://nevadaepro.com/bso/external/purchaseorder/poSummary.sdo?docId=99SWC-NV23-15341&releaseNbr=3074&external=true&parentUrl=close,99SWC-NV23-15341:3074,Staples: Webcam for NNCC.,Staples Advantage,Department of Corrections,Department of Corrections,Maria Velazquez-Villanueva,3PCR - Complete Receipt,02/02/2024,$36.66
https://nevadaepro.com/bso/external/purchaseorder/poSummary.sdo?docId=99SWC-NV23-15341&releaseNbr=3075&external=true&parentUrl=close,99SWC-NV23-15341:3075,G2B From Staples Advantage,Staples Advantage,Department of Human Services,Division of Child and Family Services,Natalie Hug,3PS - Sent,02/02/2024,$260.08
https://nevadaepro.com/bso/external/purchaseorder/poSummary.sdo?docId=99SWC-NV23-15341&releaseNbr=3076&external=true&parentUrl=close,99SWC-NV23-15341:3076,G2B From Staples Advantage,Staples Advantage,Department of Public Safety,"Records, Communications and Compliance",Deborah Cox,3PS - Sent,02/02/2024,$123.21
https://nevadaepro.com/bso/external/purchaseorder/poSummary.sdo?docId=99SWC-NV23-15341&releaseNbr=3077&external=true&parentUrl=close,99SWC-NV23-15341:3077,G2B From Staples Advantage,Staples Advantage,Department of Public Safety,"Records, Communications and Compliance",Bridget Cullen,3PS - Sent,02/02/2024,$99.88
https://nevadaepro.com/bso/external/purchaseorder/poSummary.sdo?docId=99SWC-NV23-15341&releaseNbr=3078&external=true&parentUrl=close,99SWC-NV23-15341:3078,Staple 2-03-2024,Staples Advantage,Department of Human Services,Public and Behavioral Health,John Salvador,3PCO - Closed,02/03/2024,$224.90
https://nevadaepro.com/bso/external/purchaseorder/poSummary.sdo?docId=99SWC-NV23-15341&releaseNbr=3079&external=true&parentUrl=close,99SWC-NV23-15341:3079,Staples Printer INK 2-03-2024,Staples Advantage,Department of Human Services,Public and Behavioral Health,John Salvador,3PCO - Closed,02/03/2024,$683.97
https://nevadaepro.com/bso/external/purchaseorder/poSummary.sdo?docId=99SWC-NV23-15341&releaseNbr=3080&external=true&parentUrl=close,99SWC-NV23-15341:3080,G2B From Staples Advantage,Staples Advantage,Commission on Mineral Resources,Commission on Mineral Resource,Rebecca Tims,3PCR - Complete Receipt,02/05/2024,$76.94
https://nevadaepro.com/bso/external/purchaseorder/poSummary.sdo?docId=99SWC-NV23-15341&releaseNbr=3081&external=true&parentUrl=close,99SWC-NV23-15341:3081,G2B From Staples Advantage,Staples Advantage,Department of Administration,OCIO,Jason Renner,3PCR - Complete Receipt,02/05/2024,"$7,856.00"
https://nevadaepro.com/bso/external/purchaseorder/poSummary.sdo?docId=99SWC-NV23-15341&releaseNbr=3082&external=true&parentUrl=close,99SWC-NV23-15341:3082,G2B From Staples Advantage,Staples Advantage,Department of Human Services,Division of Child and Family Services,Merlita Phillips,3PS - Sent,02/05/2024,$74.17
https://nevadaepro.com/bso/external/purchaseorder/poSummary.sdo?docId=99SWC-NV23-15341&releaseNbr=3083&external=true&parentUrl=close,99SWC-NV23-15341:3083,G2B From Staples Advantage,Staples Advantage,Department of Human Services,Division of Child and Family Services,Merlita Phillips,3PS - Sent,02/05/2024,"$1,158.00"
https://nevadaepro.com/bso/external/purchaseorder/poSummary.sdo?docId=99SWC-NV23-15341&releaseNbr=3084&external=true&parentUrl=close,99SWC-NV23-15341:3084,G2B From Staples Advantage,Staples Advantage,Department of Human Services,Division of Child and Family Services,Merlita Phillips,3PS - Sent,02/05/2024,$59.11
https://nevadaepro.com/bso/external/purchaseorder/poSummary.sdo?docId=99SWC-NV23-15341&releaseNbr=3085&external=true&parentUrl=close,99SWC-NV23-15341:3085,January 2024 Admin Supply Order,Staples Advantage,Department of Human Services,Health Care Financing and Policy,Anahi Andrade,3PCR - Complete Receipt,02/05/2024,$99.98
https://nevadaepro.com/bso/external/purchaseorder/poSummary.sdo?docId=99SWC-NV23-15341&releaseNbr=3086&external=true&parentUrl=close,99SWC-NV23-15341:3086,G2B From Staples Advantage,Staples Advantage,"Department of Employment, Training and Rehabilitation",Rehabilitation Division,Christine Bonney,3PS - Sent,02/05/2024,"$1,498.49"
https://nevadaepro.com/bso/external/purchaseorder/poSummary.sdo?docId=99SWC-NV23-15341&releaseNbr=3087&external=true&parentUrl=close,99SWC-NV23-15341:3087,G2B From Staples Advantage,Staples Advantage,"Department of Employment, Training and Rehabilitation",Rehabilitation Division,Alma Gartner,3PS - Sent,02/05/2024,$587.19
https://nevadaepro.com/bso/external/purchaseorder/poSummary.sdo?docId=99SWC-NV23-15341&releaseNbr=3088&external=true&parentUrl=close,99SWC-NV23-15341:3088,G2B From Staples Advantage,Staples Advantage,"Department of Employment, Training and Rehabilitation",Rehabilitation Division,Alma Gartner,3PS - Sent,02/05/2024,$587.19
https://nevadaepro.com/bso/external/purchaseorder/poSummary.sdo?docId=99SWC-NV23-15341&releaseNbr=3089&external=true&parentUrl=close,99SWC-NV23-15341:3089,G2B From Staples Advantage,Staples Advantage,Department of Administration,State Public Works Division,GIOVANNI MADERA,3PCR - Complete Receipt,02/05/2024,$102.05
https://nevadaepro.com/bso/external/purchaseorder/poSummary.sdo?docId=99SWC-NV23-15341&releaseNbr=3090&external=true&parentUrl=close,99SWC-NV23-15341:3090,G2B From Staples Advantage,Staples Advantage,Department of Conservation and Natural Resources,Parks Division,Ethan Mower,3PS - Sent,02/05/2024,$39.44
https://nevadaepro.com/bso/external/purchaseorder/poSummary.sdo?docId=99SWC-NV23-15341&releaseNbr=3091&external=true&parentUrl=close,99SWC-NV23-15341:3091,G2B From Staples Advantage,Staples Advantage,Governor's Office,Governor's Office,Dale Ann Luzzi,3PCR - Complete Receipt,02/05/2024,$122.70
https://nevadaepro.com/bso/external/purchaseorder/poSummary.sdo?docId=99SWC-NV23-15341&releaseNbr=3092&external=true&parentUrl=close,99SWC-NV23-15341:3092,G2B From Staples Advantage,Staples Advantage,Department of Human Services,Public and Behavioral Health,John Salvador,3PCR - Complete Receipt,02/06/2024,$114.13
https://nevadaepro.com/bso/external/purchaseorder/poSummary.sdo?docId=99SWC-NV23-15341&releaseNbr=3093&external=true&parentUrl=close,99SWC-NV23-15341:3093,G2B From Staples Advantage,Staples Advantage,"Department of Employment, Training and Rehabilitation",Rehabilitation Division,Alma Gartner,3PS - Sent,02/06/2024,$587.19
https://nevadaepro.com/bso/external/purchaseorder/poSummary.sdo?docId=99SWC-NV23-15341&releaseNbr=3094&external=true&parentUrl=close,99SWC-NV23-15341:3094,Staples 322324-72,Staples Advantage,Department of Human Services,Public and Behavioral Health,William West,3PS - Sent,02/06/2024,$89.01
https://nevadaepro.com/bso/external/purchaseorder/poSummary.sdo?docId=99SWC-NV23-15341&releaseNbr=3095&external=true&parentUrl=close,99SWC-NV23-15341:3095,G2B From Staples Advantage,Staples Advantage,Department of Agriculture,Department of Agriculture,Cynthia Oropeza,3PS - Sent,02/06/2024,$98.70
https://nevadaepro.com/bso/external/purchaseorder/poSummary.sdo?docId=99SWC-NV23-15341&releaseNbr=3096&external=true&parentUrl=close,99SWC-NV23-15341:3096,Paper and folders Staples Advantage,Staples Advantage,Department of Public Safety,Fire Marshal,Jennafer Jenkins,3PS - Sent,02/06/2024,$308.69
https://nevadaepro.com/bso/external/purchaseorder/poSummary.sdo?docId=99SWC-NV23-15341&releaseNbr=3097&external=true&parentUrl=close,99SWC-NV23-15341:3097,G2B From Staples Advantage,Staples Advantage,Department of Human Services,Aging and Disability Services Division,Toni Luchetti,3PCR - Complete Receipt,02/06/2024,$53.58
https://nevadaepro.com/bso/external/purchaseorder/poSummary.sdo?docId=99SWC-NV23-15341&releaseNbr=3098&external=true&parentUrl=close,99SWC-NV23-15341:3098,Kristen Stamp and book,Staples Advantage,Secretary of State's Office,Secretary of State's Office,Karina Carrion,3PS - Sent,02/06/2024,$38.01
https://nevadaepro.com/bso/external/purchaseorder/poSummary.sdo?docId=99SWC-NV23-15341&releaseNbr=3099&external=true&parentUrl=close,99SWC-NV23-15341:3099,G2B From Staples Advantage,Staples Advantage,Department of Human Services,Division of Child and Family Services,Candy Bradley,3PS - Sent,02/06/2024,$774.31
https://nevadaepro.com/bso/external/purchaseorder/poSummary.sdo?docId=99SWC-NV23-15341&releaseNbr=3100&external=true&parentUrl=close,99SWC-NV23-15341:3100,G2B From Staples Advantage,Staples Advantage,Department of Human Services,Division of Child and Family Services,Racheal Pittack,3PS - Sent,02/06/2024,$894.51
https://nevadaepro.com/bso/external/purchaseorder/poSummary.sdo?docId=99SWC-NV23-15341&releaseNbr=3101&external=true&parentUrl=close,99SWC-NV23-15341:3101,G2B From Staples Advantage,Staples Advantage,Department of Human Services,Division of Child and Family Services,Candy Bradley,3PS - Sent,02/06/2024,$134.35
https://nevadaepro.com/bso/external/purchaseorder/poSummary.sdo?docId=99SWC-NV23-15341&releaseNbr=3102&external=true&parentUrl=close,99SWC-NV23-15341:3102,"Staples: Lock, binder clips, disinfecting wipes and paper.",Staples Advantage,Department of Corrections,Department of Corrections,Maria Velazquez-Villanueva,3PCR - Complete Receipt,02/06/2024,$80.52
https://nevadaepro.com/bso/external/purchaseorder/poSummary.sdo?docId=99SWC-NV23-15341&releaseNbr=3103&external=true&parentUrl=close,99SWC-NV23-15341:3103,Staples 2-06-2024,Staples Advantage,Department of Human Services,Public and Behavioral Health,John Salvador,3PCR - Complete Receipt,02/06/2024,$315.84
https://nevadaepro.com/bso/external/purchaseorder/poSummary.sdo?docId=99SWC-NV23-15341&releaseNbr=3104&external=true&parentUrl=close,99SWC-NV23-15341:3104,G2B From Staples Advantage,Staples Advantage,Department of Public Safety,Parole Board,Hanna Branchcomb,3PS - Sent,02/06/2024,$199.34
https://nevadaepro.com/bso/external/purchaseorder/poSummary.sdo?docId=99SWC-NV23-15341&releaseNbr=3105&external=true&parentUrl=close,99SWC-NV23-15341:3105,FMWCC 9B SHIFT COMMAND OFFICE Q3 STAPLES,Staples Advantage,Department of Corrections,Department of Corrections,Marilyn Johnson,3PCR - Complete Receipt,02/06/2024,$177.19
https://nevadaepro.com/bso/external/purchaseorder/poSummary.sdo?docId=99SWC-NV23-15341&releaseNbr=3106&external=true&parentUrl=close,99SWC-NV23-15341:3106,G2B From Staples Advantage,Staples Advantage,Governor's Office,Governor's Finance Office,Cassidy Council,3PCR - Complete Receipt,02/06/2024,$65.98
https://nevadaepro.com/bso/external/purchaseorder/poSummary.sdo?docId=99SWC-NV23-15341&releaseNbr=3107&external=true&parentUrl=close,99SWC-NV23-15341:3107,G2B From Staples Advantage,Staples Advantage,Department of Human Services,DHS Director's Office,Sandra Perez,3PS - Sent,02/06/2024,$42.07
https://nevadaepro.com/bso/external/purchaseorder/poSummary.sdo?docId=99SWC-NV23-15341&releaseNbr=3108&external=true&parentUrl=close,99SWC-NV23-15341:3108,CCC FY24 February Office Supplies,Staples Advantage,Department of Conservation and Natural Resources,Forestry Division,Colleen Lafferty,3PCO - Closed,02/06/2024,$214.98
https://nevadaepro.com/bso/external/purchaseorder/poSummary.sdo?docId=99SWC-NV23-15341&releaseNbr=3109&external=true&parentUrl=close,99SWC-NV23-15341:3109,G2B From Staples Advantage,Staples Advantage,Department of Human Services,Division of Child and Family Services,Candy Bradley,3PS - Sent,02/06/2024,$89.28
https://nevadaepro.com/bso/external/purchaseorder/poSummary.sdo?docId=99SWC-NV23-15341&releaseNbr=3110&external=true&parentUrl=close,99SWC-NV23-15341:3110,"""SCANNED"" Stamp for nursing department",Staples Advantage,Department of Human Services,Aging and Disability Services Division,Martha Rivera,3PCR - Complete Receipt,02/06/2024,$42.00
https://nevadaepro.com/bso/external/purchaseorder/poSummary.sdo?docId=99SWC-NV23-15341&releaseNbr=3111&external=true&parentUrl=close,99SWC-NV23-15341:3111,G2B From Staples Advantage,Staples Advantage,Department of Human Services,Aging and Disability Services Division,Edita Abell,3PCR - Complete Receipt,02/06/2024,$130.99
https://nevadaepro.com/bso/external/purchaseorder/poSummary.sdo?docId=99SWC-NV23-15341&releaseNbr=3112&external=true&parentUrl=close,99SWC-NV23-15341:3112,G2B From Staples Advantage,Staples Advantage,Department of Human Services,Division of Child and Family Services,Candy Bradley,3PS - Sent,02/06/2024,$890.49
https://nevadaepro.com/bso/external/purchaseorder/poSummary.sdo?docId=99SWC-NV23-15341&releaseNbr=3113&external=true&parentUrl=close,99SWC-NV23-15341:3113,G2B From Staples Advantage,Staples Advantage,Department of Administration,State Public Works Division,Shantee Jennings,3PS - Sent,02/07/2024,$251.77
https://nevadaepro.com/bso/external/purchaseorder/poSummary.sdo?docId=99SWC-NV23-15341&releaseNbr=3114&external=true&parentUrl=close,99SWC-NV23-15341:3114,G2B From Staples Advantage,Staples Advantage,Department of Human Services,Division of Child and Family Services,Alma Bustamante,3PS - Sent,02/07/2024,$40.76
https://nevadaepro.com/bso/external/purchaseorder/poSummary.sdo?docId=99SWC-NV23-15341&releaseNbr=3115&external=true&parentUrl=close,99SWC-NV23-15341:3115,G2B From Staples Advantage,Staples Advantage,Department of Human Services,Division of Child and Family Services,Candy Bradley,3PS - Sent,02/07/2024,$184.03
https://nevadaepro.com/bso/external/purchaseorder/poSummary.sdo?docId=99SWC-NV23-15341&releaseNbr=3116&external=true&parentUrl=close,99SWC-NV23-15341:3116,NSLP Meeting Supplies BA2713,Staples Advantage,Department of Education,Department of Education,Daisy Marglin,3PCR - Complete Receipt,02/07/2024,$215.16